Name,Size (bytes),Type,Origin,Confidence,Priority,Inode,SHA256,MD5,Created (UTC),Modified (UTC),Accessed (UTC),Notable Reasons,Extracted Path
SanDiskSecureAccessV2_win.exe,7409688,unknown,original,high,20,9,,,2026-02-11T15:39:47.995809+00:00,2026-02-11T15:39:47.995811+00:00,,recent_modification:0d,
بحث مادة التفسير.docx,21282,unknown,original,high,20,14,,,2026-02-11T15:39:47.995824+00:00,2026-02-11T15:39:47.995825+00:00,,recent_modification:0d,
{4944f5ac-fe92-4c3c-879b-cae84db01eec}.enc,0,unknown,original,high,20,19,,,2026-02-11T15:39:47.995834+00:00,2026-02-11T15:39:47.995834+00:00,,recent_modification:0d,
System Volume Information/WPSettings.dat,12,unknown,original,high,20,519,,,2026-02-11T15:39:47.995839+00:00,2026-02-11T15:39:47.995839+00:00,,recent_modification:0d,
System Volume Information/IndexerVolumeGuid,76,unknown,original,high,20,522,,,2026-02-11T15:39:47.995842+00:00,2026-02-11T15:39:47.995842+00:00,,recent_modification:0d,
المستوى الاحداثي.gif,369799,unknown,original,high,20,25,,,2026-02-11T15:39:47.995846+00:00,2026-02-11T15:39:47.995846+00:00,,recent_modification:0d,
ReadyBoostPerfTest.tmp,8388608,unknown,original,high,20,30,,,2026-02-11T15:39:47.995850+00:00,2026-02-11T15:39:47.995850+00:00,,recent_modification:0d,
يومية العمال 2.xlsx,12954,unknown,original,high,20,43,,,2026-02-11T15:39:47.995853+00:00,2026-02-11T15:39:47.995853+00:00,,recent_modification:0d,
نص 7.txt,96,unknown,original,high,20,46,,,2026-02-11T15:39:47.995856+00:00,2026-02-11T15:39:47.995856+00:00,,recent_modification:0d,
نص 8.txt,289,unknown,original,high,20,48,,,2026-02-11T15:39:47.995859+00:00,2026-02-11T15:39:47.995859+00:00,,recent_modification:0d,
نص 9.txt,72,unknown,original,high,20,50,,,2026-02-11T15:39:47.995861+00:00,2026-02-11T15:39:47.995862+00:00,,recent_modification:0d,
نص 10.txt,143,unknown,original,high,20,52,,,2026-02-11T15:39:47.995864+00:00,2026-02-11T15:39:47.995864+00:00,,recent_modification:0d,
نص 11.txt,94,unknown,original,high,20,54,,,2026-02-11T15:39:47.995867+00:00,2026-02-11T15:39:47.995867+00:00,,recent_modification:0d,
نص 12.txt,105,unknown,original,high,20,56,,,2026-02-11T15:39:47.995870+00:00,2026-02-11T15:39:47.995870+00:00,,recent_modification:0d,
نص 13.txt,201,unknown,original,high,20,58,,,2026-02-11T15:39:47.995872+00:00,2026-02-11T15:39:47.995872+00:00,,recent_modification:0d,
نص 14.txt,76,unknown,original,high,20,60,,,2026-02-11T15:39:47.995874+00:00,2026-02-11T15:39:47.995875+00:00,,recent_modification:0d,
نص 15.txt,66,unknown,original,high,20,62,,,2026-02-11T15:39:47.995877+00:00,2026-02-11T15:39:47.995877+00:00,,recent_modification:0d,
نص 16.txt,47,unknown,original,high,20,64,,,2026-02-11T15:39:47.995879+00:00,2026-02-11T15:39:47.995879+00:00,,recent_modification:0d,
نص 17.txt,268,unknown,original,high,20,66,,,2026-02-11T15:39:47.995882+00:00,2026-02-11T15:39:47.995882+00:00,,recent_modification:0d,
نص 18.txt,104,unknown,original,high,20,68,,,2026-02-11T15:39:47.995884+00:00,2026-02-11T15:39:47.995884+00:00,,recent_modification:0d,
نص 19.txt,48,unknown,original,high,20,70,,,2026-02-11T15:39:47.995886+00:00,2026-02-11T15:39:47.995886+00:00,,recent_modification:0d,
نص 20.txt,81,unknown,original,high,20,72,,,2026-02-11T15:39:47.995888+00:00,2026-02-11T15:39:47.995889+00:00,,recent_modification:0d,
نص 21.txt,68,unknown,original,high,20,74,,,2026-02-11T15:39:47.995891+00:00,2026-02-11T15:39:47.995891+00:00,,recent_modification:0d,
نص 22.txt,94,unknown,original,high,20,76,,,2026-02-11T15:39:47.995893+00:00,2026-02-11T15:39:47.995893+00:00,,recent_modification:0d,
نص 23.txt,33,unknown,original,high,20,78,,,2026-02-11T15:39:47.995895+00:00,2026-02-11T15:39:47.995895+00:00,,recent_modification:0d,
نص 24.txt,78,unknown,original,high,20,80,,,2026-02-11T15:39:47.995897+00:00,2026-02-11T15:39:47.995897+00:00,,recent_modification:0d,
نص 25.txt,101,unknown,original,high,20,82,,,2026-02-11T15:39:47.995900+00:00,2026-02-11T15:39:47.995900+00:00,,recent_modification:0d,
نص 26.txt,55,unknown,original,high,20,84,,,2026-02-11T15:39:47.995902+00:00,2026-02-11T15:39:47.995902+00:00,,recent_modification:0d,
نص 27.txt,33,unknown,original,high,20,86,,,2026-02-11T15:39:47.995904+00:00,2026-02-11T15:39:47.995904+00:00,,recent_modification:0d,
نص 28.txt,112,unknown,original,high,20,88,,,2026-02-11T15:39:47.995907+00:00,2026-02-11T15:39:47.995907+00:00,,recent_modification:0d,
نص 29.txt,68,unknown,original,high,20,90,,,2026-02-11T15:39:47.995909+00:00,2026-02-11T15:39:47.995909+00:00,,recent_modification:0d,
نص 30.txt,27,unknown,original,high,20,92,,,2026-02-11T15:39:47.995911+00:00,2026-02-11T15:39:47.995911+00:00,,recent_modification:0d,
نص 31.txt,33,unknown,original,high,20,94,,,2026-02-11T15:39:47.995913+00:00,2026-02-11T15:39:47.995914+00:00,,recent_modification:0d,
نص 32.txt,72,unknown,original,high,20,96,,,2026-02-11T15:39:47.995916+00:00,2026-02-11T15:39:47.995916+00:00,,recent_modification:0d,
نص 33.txt,83,unknown,original,high,20,98,,,2026-02-11T15:39:47.995918+00:00,2026-02-11T15:39:47.995918+00:00,,recent_modification:0d,
نص 34.txt,49,unknown,original,high,20,100,,,2026-02-11T15:39:47.995920+00:00,2026-02-11T15:39:47.995921+00:00,,recent_modification:0d,
نص 35.txt,38,unknown,original,high,20,102,,,2026-02-11T15:39:47.995923+00:00,2026-02-11T15:39:47.995923+00:00,,recent_modification:0d,
نص.txt,1507,unknown,original,high,20,104,,,2026-02-11T15:39:47.995925+00:00,2026-02-11T15:39:47.995925+00:00,,recent_modification:0d,
نص 2.txt,240,unknown,original,high,20,106,,,2026-02-11T15:39:47.995927+00:00,2026-02-11T15:39:47.995928+00:00,,recent_modification:0d,
نص 3.txt,106,unknown,original,high,20,108,,,2026-02-11T15:39:47.995930+00:00,2026-02-11T15:39:47.995930+00:00,,recent_modification:0d,
نص 4.txt,82,unknown,original,high,20,110,,,2026-02-11T15:39:47.995932+00:00,2026-02-11T15:39:47.995932+00:00,,recent_modification:0d,
نص 5.txt,86,unknown,original,high,20,112,,,2026-02-11T15:39:47.995935+00:00,2026-02-11T15:39:47.995935+00:00,,recent_modification:0d,
نص 6.txt,998,unknown,original,high,20,114,,,2026-02-11T15:39:47.995937+00:00,2026-02-11T15:39:47.995937+00:00,,recent_modification:0d,
كلمات الميتا ماسك.jpeg,43318,unknown,original,high,20,117,,,2026-02-11T15:39:47.995939+00:00,2026-02-11T15:39:47.995939+00:00,,recent_modification:0d,
محفظة فانتوم.txt,313,unknown,original,high,20,120,,,2026-02-11T15:39:47.995942+00:00,2026-02-11T15:39:47.995942+00:00,,recent_modification:0d,
.~.dropbox.external.writable,0,unknown,original,high,20,124,,,2026-02-11T15:39:47.995945+00:00,2026-02-11T15:39:47.995945+00:00,,recent_modification:0d,
bybit wallet.txt,76,unknown,original,high,20,127,,,2026-02-11T15:39:47.995948+00:00,2026-02-11T15:39:47.995948+00:00,,recent_modification:0d,
.~.dropbox.external.writable,0,unknown,original,high,20,131,,,2026-02-11T15:39:47.995953+00:00,2026-02-11T15:39:47.995953+00:00,,recent_modification:0d,
.~.dropbox.external.writable,0,unknown,original,high,20,137,,,2026-02-11T15:39:47.995955+00:00,2026-02-11T15:39:47.995955+00:00,,recent_modification:0d,
RamCapturer.zip,3090110,unknown,original,high,20,140,,,2026-02-11T15:39:47.995957+00:00,2026-02-11T15:39:47.995957+00:00,,recent_modification:0d,
videoplayback.mp4,218185198,unknown,original,high,30,143,,,2026-02-11T15:39:47.995959+00:00,2026-02-11T15:39:47.995960+00:00,,"recent_modification:0d, large_file",
videoplayback (1).mp4,1013555950,unknown,original,high,30,146,,,2026-02-11T15:39:47.995962+00:00,2026-02-11T15:39:47.995962+00:00,,"recent_modification:0d, large_file",
فالكونز في العلا بـ1000 ريال وبـ 100 الف ريال لمدة 24 ساعة 🔥⛰️.mp4,891249414,unknown,original,high,30,153,,,2026-02-11T15:39:47.995965+00:00,2026-02-11T15:39:47.995965+00:00,,"recent_modification:0d, large_file",
_up.mp4,891249414,unknown,original,high,30,154,,,2026-02-11T15:39:47.995970+00:00,2026-02-11T15:39:47.995970+00:00,,"recent_modification:0d, large_file",
_1.mp4,891249414,unknown,original,high,30,155,,,2026-02-11T15:39:47.995973+00:00,2026-02-11T15:39:47.995973+00:00,,"recent_modification:0d, large_file",
acquirelog.txt,88248,unknown,original,high,20,158,,,2026-02-11T15:39:47.995975+00:00,2026-02-11T15:39:47.995976+00:00,,recent_modification:0d,
Photo.jpeg.jpg,115321,unknown,original,high,20,163,,,2026-02-11T15:39:47.995978+00:00,2026-02-11T15:39:47.995978+00:00,,recent_modification:0d,
Photo.jpeg.jpg,115321,unknown,original,high,20,166,,,2026-02-11T15:39:47.995980+00:00,2026-02-11T15:39:47.995980+00:00,,recent_modification:0d,
credit card.pdf,102291,unknown,original,high,70,169,,,2026-02-11T15:39:47.995982+00:00,2026-02-11T15:39:47.995983+00:00,,"filename_keyword:credit, recent_modification:0d",
credit card.pdf,102291,unknown,original,high,70,172,,,2026-02-11T15:39:47.995986+00:00,2026-02-11T15:39:47.995986+00:00,,"filename_keyword:credit, recent_modification:0d",
_mage.png,191403,unknown,original,high,20,173,,,2026-02-11T15:39:47.995988+00:00,2026-02-11T15:39:47.995988+00:00,,recent_modification:0d,
hacker-binary-5184x3456-13679.jpg,3495637,unknown,original,high,20,177,,,2026-02-11T15:39:47.995990+00:00,2026-02-11T15:39:47.995991+00:00,,recent_modification:0d,
hacker-binary-5184x3456-13679.jpg,3495637,unknown,original,high,20,181,,,2026-02-11T15:39:47.995993+00:00,2026-02-11T15:39:47.995993+00:00,,recent_modification:0d,
monkey-d-luffy-one-piece-minimal-art-5k-8k-7680x4320-8211.png,4653217,unknown,original,high,70,187,,,2026-02-11T15:39:47.995995+00:00,2026-02-11T15:39:47.995995+00:00,,"filename_keyword:key, recent_modification:0d",
monkey-d-luffy-one-piece-minimal-art-5k-8k-7680x4320-8211.png,4653217,unknown,original,high,70,193,,,2026-02-11T15:39:47.995998+00:00,2026-02-11T15:39:47.995999+00:00,,"filename_keyword:key, recent_modification:0d",
hacker-binary-5184x3456-13679.jpg,3495637,unknown,original,high,20,197,,,2026-02-11T15:39:47.996001+00:00,2026-02-11T15:39:47.996001+00:00,,recent_modification:0d,
hacker-binary-5184x3456-13679.jpg,3495637,unknown,original,high,20,201,,,2026-02-11T15:39:47.996003+00:00,2026-02-11T15:39:47.996003+00:00,,recent_modification:0d,
mr-robot-hacker-10000x5625-15768.png,5211960,unknown,original,high,20,205,,,2026-02-11T15:39:47.996005+00:00,2026-02-11T15:39:47.996005+00:00,,recent_modification:0d,
mr-robot-hacker-10000x5625-15768.png,5211960,unknown,original,high,20,209,,,2026-02-11T15:39:47.996008+00:00,2026-02-11T15:39:47.996008+00:00,,recent_modification:0d,
gamer-gaming-room-5120x2880-17525.jpg,6809064,unknown,original,high,20,213,,,2026-02-11T15:39:47.996009+00:00,2026-02-11T15:39:47.996010+00:00,,recent_modification:0d,
gamer-gaming-room-5120x2880-17525.jpg,6809064,unknown,original,high,20,217,,,2026-02-11T15:39:47.996012+00:00,2026-02-11T15:39:47.996012+00:00,,recent_modification:0d,
lost-in-space-404-5120x2880-18155.png,1214846,unknown,original,high,20,221,,,2026-02-11T15:39:47.996014+00:00,2026-02-11T15:39:47.996014+00:00,,recent_modification:0d,
lost-in-space-404-5120x2880-18155.png,1214846,unknown,original,high,20,225,,,2026-02-11T15:39:47.996017+00:00,2026-02-11T15:39:47.996017+00:00,,recent_modification:0d,
Hostel Fees_Nawaf-GITAM_Sep 2022.pdf,174032,unknown,original,high,20,229,,,2026-02-11T15:39:47.996019+00:00,2026-02-11T15:39:47.996019+00:00,,recent_modification:0d,
Hostel Fees_Nawaf-GITAM_Sep 2022.pdf,174032,unknown,original,high,20,233,,,2026-02-11T15:39:47.996021+00:00,2026-02-11T15:39:47.996021+00:00,,recent_modification:0d,
NaWaF (1).pdf,105132,unknown,original,high,20,235,,,2026-02-11T15:39:47.996023+00:00,2026-02-11T15:39:47.996023+00:00,,recent_modification:0d,
NaWaF (1).pdf,105132,unknown,original,high,20,237,,,2026-02-11T15:39:47.996025+00:00,2026-02-11T15:39:47.996025+00:00,,recent_modification:0d,
frro registration for 2025.pdf,85706,unknown,original,high,20,241,,,2026-02-11T15:39:47.996027+00:00,2026-02-11T15:39:47.996028+00:00,,recent_modification:0d,
frro registration for 2025.pdf,85706,unknown,original,high,20,245,,,2026-02-11T15:39:47.996030+00:00,2026-02-11T15:39:47.996030+00:00,,recent_modification:0d,
_1.jpg,6809064,unknown,original,high,20,246,,,2026-02-11T15:39:47.996032+00:00,2026-02-11T15:39:47.996032+00:00,,recent_modification:0d,
_1.jpg,6809064,unknown,original,high,20,247,,,2026-02-11T15:39:47.996034+00:00,2026-02-11T15:39:47.996034+00:00,,recent_modification:0d,
_11.png,5211960,unknown,original,high,20,248,,,2026-02-11T15:39:47.996036+00:00,2026-02-11T15:39:47.996036+00:00,,recent_modification:0d,
_11.png,5211960,unknown,original,high,20,249,,,2026-02-11T15:39:47.996038+00:00,2026-02-11T15:39:47.996038+00:00,,recent_modification:0d,
_.png,4653217,unknown,original,high,20,250,,,2026-02-11T15:39:47.996040+00:00,2026-02-11T15:39:47.996040+00:00,,recent_modification:0d,
_.png,4653217,unknown,original,high,20,251,,,2026-02-11T15:39:47.996042+00:00,2026-02-11T15:39:47.996042+00:00,,recent_modification:0d,
_.jpg,6809064,unknown,original,high,20,252,,,2026-02-11T15:39:47.996043+00:00,2026-02-11T15:39:47.996044+00:00,,recent_modification:0d,
_.jpg,6809064,unknown,original,high,20,253,,,2026-02-11T15:39:47.996045+00:00,2026-02-11T15:39:47.996045+00:00,,recent_modification:0d,
_22.png,5211960,unknown,original,high,20,254,,,2026-02-11T15:39:47.996047+00:00,2026-02-11T15:39:47.996047+00:00,,recent_modification:0d,
_22.png,5211960,unknown,original,high,20,255,,,2026-02-11T15:39:47.996049+00:00,2026-02-11T15:39:47.996049+00:00,,recent_modification:0d,
_2.png,4653217,unknown,original,high,20,256,,,2026-02-11T15:39:47.996051+00:00,2026-02-11T15:39:47.996051+00:00,,recent_modification:0d,
_2.png,4653217,unknown,original,high,20,257,,,2026-02-11T15:39:47.996052+00:00,2026-02-11T15:39:47.996053+00:00,,recent_modification:0d,
_3.jpg,6809064,unknown,original,high,20,258,,,2026-02-11T15:39:47.996054+00:00,2026-02-11T15:39:47.996054+00:00,,recent_modification:0d,
_3.jpg,6809064,unknown,original,high,20,259,,,2026-02-11T15:39:47.996056+00:00,2026-02-11T15:39:47.996056+00:00,,recent_modification:0d,
_.png,4653217,unknown,original,high,20,260,,,2026-02-11T15:39:47.996058+00:00,2026-02-11T15:39:47.996058+00:00,,recent_modification:0d,
_.png,4653217,unknown,original,high,20,261,,,2026-02-11T15:39:47.996060+00:00,2026-02-11T15:39:47.996060+00:00,,recent_modification:0d,
_33.png,5211960,unknown,original,high,20,262,,,2026-02-11T15:39:47.996061+00:00,2026-02-11T15:39:47.996061+00:00,,recent_modification:0d,
_33.png,5211960,unknown,original,high,20,263,,,2026-02-11T15:39:47.996063+00:00,2026-02-11T15:39:47.996063+00:00,,recent_modification:0d,
_44.png,5211960,unknown,original,high,20,264,,,2026-02-11T15:39:47.996065+00:00,2026-02-11T15:39:47.996065+00:00,,recent_modification:0d,
_44.png,5211960,unknown,original,high,20,265,,,2026-02-11T15:39:47.996066+00:00,2026-02-11T15:39:47.996067+00:00,,recent_modification:0d,
_4.jpg,6809064,unknown,original,high,20,266,,,2026-02-11T15:39:47.996068+00:00,2026-02-11T15:39:47.996068+00:00,,recent_modification:0d,
_4.jpg,6809064,unknown,original,high,20,267,,,2026-02-11T15:39:47.996077+00:00,2026-02-11T15:39:47.996077+00:00,,recent_modification:0d,
_.png,4653217,unknown,original,high,20,268,,,2026-02-11T15:39:47.996079+00:00,2026-02-11T15:39:47.996079+00:00,,recent_modification:0d,
_.png,4653217,unknown,original,high,20,269,,,2026-02-11T15:39:47.996081+00:00,2026-02-11T15:39:47.996081+00:00,,recent_modification:0d,
_.png,4653217,unknown,original,high,20,270,,,2026-02-11T15:39:47.996082+00:00,2026-02-11T15:39:47.996083+00:00,,recent_modification:0d,
_.png,4653217,unknown,original,high,20,271,,,2026-02-11T15:39:47.996084+00:00,2026-02-11T15:39:47.996084+00:00,,recent_modification:0d,
_04.png,1214846,unknown,original,high,20,272,,,2026-02-11T15:39:47.996086+00:00,2026-02-11T15:39:47.996086+00:00,,recent_modification:0d,
_04.png,1214846,unknown,original,high,20,273,,,2026-02-11T15:39:47.996088+00:00,2026-02-11T15:39:47.996088+00:00,,recent_modification:0d,
_.png,1214846,unknown,original,high,20,274,,,2026-02-11T15:39:47.996089+00:00,2026-02-11T15:39:47.996090+00:00,,recent_modification:0d,
_.png,1214846,unknown,original,high,20,275,,,2026-02-11T15:39:47.996091+00:00,2026-02-11T15:39:47.996091+00:00,,recent_modification:0d,
acquirelog.txt,88248,unknown,original,high,20,278,,,2026-02-11T15:39:47.996093+00:00,2026-02-11T15:39:47.996093+00:00,,recent_modification:0d,
شكوى مصرف الراجحي .pdf,294680,unknown,original,high,20,281,,,2026-02-11T15:39:47.996095+00:00,2026-02-11T15:39:47.996096+00:00,,recent_modification:0d,
شكوى مصرف الراجحي .pdf,294680,unknown,original,high,20,284,,,2026-02-11T15:39:47.996098+00:00,2026-02-11T15:39:47.996098+00:00,,recent_modification:0d,
Template.pdf,133851,unknown,original,high,20,286,,,2026-02-11T15:39:47.996101+00:00,2026-02-11T15:39:47.996101+00:00,,recent_modification:0d,
Template.pdf,133851,unknown,original,high,20,288,,,2026-02-11T15:39:47.996103+00:00,2026-02-11T15:39:47.996103+00:00,,recent_modification:0d,
Rick and Morty.jpg,13558,unknown,original,high,20,291,,,2026-02-11T15:39:47.996105+00:00,2026-02-11T15:39:47.996105+00:00,,recent_modification:0d,
Rick and Morty.jpg,13558,unknown,original,high,20,294,,,2026-02-11T15:39:47.996107+00:00,2026-02-11T15:39:47.996107+00:00,,recent_modification:0d,
_AWAF.jpg,21530,unknown,original,high,20,295,,,2026-02-11T15:39:47.996109+00:00,2026-02-11T15:39:47.996109+00:00,,recent_modification:0d,
_AWAF.jpg,21530,unknown,original,high,20,296,,,2026-02-11T15:39:47.996111+00:00,2026-02-11T15:39:47.996111+00:00,,recent_modification:0d,
_HOTO.jpg,23995,unknown,original,high,20,297,,,2026-02-11T15:39:47.996113+00:00,2026-02-11T15:39:47.996113+00:00,,recent_modification:0d,
_HOTO.jpg,23995,unknown,original,high,20,298,,,2026-02-11T15:39:47.996114+00:00,2026-02-11T15:39:47.996115+00:00,,recent_modification:0d,
_e.jpg,23995,unknown,original,high,20,299,,,2026-02-11T15:39:47.996116+00:00,2026-02-11T15:39:47.996117+00:00,,recent_modification:0d,
_e.jpg,23995,unknown,original,high,20,300,,,2026-02-11T15:39:47.996118+00:00,2026-02-11T15:39:47.996119+00:00,,recent_modification:0d,
_allets.txt,171,unknown,original,high,20,301,,,2026-02-11T15:39:47.996120+00:00,2026-02-11T15:39:47.996121+00:00,,recent_modification:0d,
_allets.txt,171,unknown,original,high,20,302,,,2026-02-11T15:39:47.996123+00:00,2026-02-11T15:39:47.996123+00:00,,recent_modification:0d,
New Text Document.txt,0,unknown,original,high,20,305,,,2026-02-11T15:39:47.996125+00:00,2026-02-11T15:39:47.996125+00:00,,recent_modification:0d,
New Text Document.txt,0,unknown,original,high,20,308,,,2026-02-11T15:39:47.996127+00:00,2026-02-11T15:39:47.996127+00:00,,recent_modification:0d,
_1.mp4,891249414,unknown,original,high,30,309,,,2026-02-11T15:39:47.996129+00:00,2026-02-11T15:39:47.996129+00:00,,"recent_modification:0d, large_file",
93419c5e-8c28-41c1-b19f-2c1323987cf0.tmp,621913,unknown,original,high,20,314,,,2026-02-11T15:39:47.996131+00:00,2026-02-11T15:39:47.996131+00:00,,recent_modification:0d,
Unconfirmed 572743.crdownload,128167983,unknown,original,high,30,318,,,2026-02-11T15:39:47.996134+00:00,2026-02-11T15:39:47.996134+00:00,,"recent_modification:0d, large_file",
videoplayback.mp4,128167983,unknown,original,high,30,321,,,2026-02-11T15:39:47.996136+00:00,2026-02-11T15:39:47.996136+00:00,,"recent_modification:0d, large_file",
6e095048-3f88-45f5-aa73-4c04095b92b9.tmp,5109098,unknown,original,high,20,326,,,2026-02-11T15:39:47.996138+00:00,2026-02-11T15:39:47.996139+00:00,,recent_modification:0d,
Unconfirmed 813466.crdownload,128167983,unknown,original,high,30,330,,,2026-02-11T15:39:47.996141+00:00,2026-02-11T15:39:47.996141+00:00,,"recent_modification:0d, large_file",
videoplayback (1).mp4,128167983,unknown,original,high,30,333,,,2026-02-11T15:39:47.996143+00:00,2026-02-11T15:39:47.996144+00:00,,"recent_modification:0d, large_file",
513bb9f1-6872-4eaf-b838-1128749add22.tmp,4349180,unknown,original,high,20,338,,,2026-02-11T15:39:47.996146+00:00,2026-02-11T15:39:47.996146+00:00,,recent_modification:0d,
Unconfirmed 26539.crdownload,1013555950,unknown,original,high,30,342,,,2026-02-11T15:39:47.996149+00:00,2026-02-11T15:39:47.996149+00:00,,"recent_modification:0d, large_file",
96633f29-779e-4a53-9b76-a56b5ea62634.tmp,6172043,unknown,original,high,20,347,,,2026-02-11T15:39:47.996151+00:00,2026-02-11T15:39:47.996151+00:00,,recent_modification:0d,
Unconfirmed 853191.crdownload,1013555950,unknown,original,high,30,351,,,2026-02-11T15:39:47.996154+00:00,2026-02-11T15:39:47.996154+00:00,,"recent_modification:0d, large_file",
videoplayback (2).mp4,1013555950,unknown,original,high,30,354,,,2026-02-11T15:39:47.996156+00:00,2026-02-11T15:39:47.996156+00:00,,"recent_modification:0d, large_file",
a29cf928-fd16-4604-9c65-a09b10d99c18.tmp,2704451,unknown,original,high,20,359,,,2026-02-11T15:39:47.996158+00:00,2026-02-11T15:39:47.996158+00:00,,recent_modification:0d,
Unconfirmed 222306.crdownload,1013555950,unknown,original,high,30,363,,,2026-02-11T15:39:47.996161+00:00,2026-02-11T15:39:47.996161+00:00,,"recent_modification:0d, large_file",
videoplayback (3).mp4,1013555950,unknown,original,high,30,366,,,2026-02-11T15:39:47.996163+00:00,2026-02-11T15:39:47.996163+00:00,,"recent_modification:0d, large_file",
videoplayback (4).mp4,1013555950,unknown,original,high,30,369,,,2026-02-11T15:39:47.996165+00:00,2026-02-11T15:39:47.996165+00:00,,"recent_modification:0d, large_file",
MediaCreationTool_22H2 (1).exe,19463448,unknown,original,high,20,373,,,2026-02-11T15:39:47.996167+00:00,2026-02-11T15:39:47.996167+00:00,,recent_modification:0d,
MediaCreationTool_22H2 (1).exe,19463448,unknown,original,high,20,377,,,2026-02-11T15:39:47.996170+00:00,2026-02-11T15:39:47.996170+00:00,,recent_modification:0d,
Windows11InstallationAssistant.exe,4169184,unknown,original,high,20,381,,,2026-02-11T15:39:47.996171+00:00,2026-02-11T15:39:47.996172+00:00,,recent_modification:0d,
Windows11InstallationAssistant.exe,4169184,unknown,original,high,20,385,,,2026-02-11T15:39:47.996174+00:00,2026-02-11T15:39:47.996175+00:00,,recent_modification:0d,
expensive/lol.avif,21874,unknown,original,high,20,13830,,,2026-02-11T15:39:47.996176+00:00,2026-02-11T15:39:47.996177+00:00,,recent_modification:0d,
$MBR,512,unknown,original,high,20,124980739,,,2026-02-11T15:39:47.996179+00:00,2026-02-11T15:39:47.996179+00:00,,recent_modification:0d,
$FAT1,977408,unknown,original,high,20,124980740,,,2026-02-11T15:39:47.996181+00:00,2026-02-11T15:39:47.996181+00:00,,recent_modification:0d,
$FAT2,977408,unknown,original,high,20,124980741,,,2026-02-11T15:39:47.996183+00:00,2026-02-11T15:39:47.996183+00:00,,recent_modification:0d,
$OrphanFiles,0,unknown,original,high,20,124980742,,,2026-02-11T15:39:47.996185+00:00,2026-02-11T15:39:47.996185+00:00,,recent_modification:0d,
